"","Average.FloralCover","Average.BSQuadrats","Average.BareGround"
"Average.FloralCover",1,0.869791797384752,0.688207557382637
"Average.BSQuadrats",0.869791797384752,1,0.638059286376157
"Average.BareGround",0.688207557382637,0.638059286376157,1
