"","N.obs","S.obs","S.obs(+95%)","S.obs(-95%)","Chao1","Chao1(upper)","Chao1(lower)","ACE","ACE(upper)","ACE(lower)","Jack1","Jack1(upper)","Jack1(lower)"
"1",1,6.3,14.0331045943183,-1.43310459431829,9.95,12.7789981615188,7.12100183848119,11.871746031746,35.013625825277,-11.2701337617849,9.52007352941176,23.1171000459455,-4.07695298712194
"2",2,8.6,15.7688263412578,1.43117365874224,20.05,34.0387063739249,6.06129362607512,10.5849232736573,21.2566526932406,-0.0868061459260225,12.5822045454545,25.0557190054454,0.108690085463646
"3",3,13.5,19.5763512443278,7.42364875567216,46.15,66.098209534378,26.201790465622,20.4787170480029,37.338749768815,3.61868432719073,21.1076191938862,32.3409622985191,9.87427608925332
"4",4,16,16,16,56.5,76.6874032505422,36.3125967494578,20.8461538461538,20.8461538461538,20.8461538461538,24.9256198347107,24.9256198347107,24.9256198347107
