"","N.obs","S.obs","S.obs(+95%)","S.obs(-95%)","Chao1","Chao1(upper)","Chao1(lower)","ACE","ACE(upper)","ACE(lower)","Jack1","Jack1(upper)","Jack1(lower)"
"1",1,12.7,14.559419264179,10.840580735821,24.0666666666667,32.2003946381874,15.9329386951459,15.6972478632479,20.543069104173,10.8514266223228,17.8372541016198,22.0678601748496,13.6066480283899
"2",2,21.9,25.0264577044601,18.7735422955399,43.4916666666667,52.0391525277606,34.9441808055727,27.2578312146893,30.8813245388072,23.6343378905713,31.3461441012927,35.3758869428456,27.3164012597397
"3",3,27.6,30.079225685572,25.120774314428,84.45,109.320481821915,59.5795181780855,34.1412758346582,37.5307568211028,30.7517948482136,40.0541002335652,43.6730856961198,36.4351147710107
"4",4,33,33,33,97,120.323807579381,73.6761924206188,41.4705882352941,41.4705882352941,41.4705882352941,48.9602977667494,48.9602977667494,48.9602977667494
