"","N.obs","S.obs","S.obs(+95%)","S.obs(-95%)","Chao1","Chao1(upper)","Chao1(lower)","ACE","ACE(upper)","ACE(lower)","Jack1","Jack1(upper)","Jack1(lower)"
"1",1,7.4,11.2318988620381,3.5681011379619,12,15.4460028860042,8.55399711399581,8.55520510835913,14.5993144999685,2.51109571674977,9.82525904670811,17.0899788848021,2.56053920861411
"2",2,11.8,16.9277302754511,6.6722697245489,21.075,26.3040930714483,15.8459069285517,14.2932337270573,22.8143801915903,5.77208726252416,15.8420005634559,25.4096473570492,6.2743537698626
"3",3,15.5,19.3374644406604,11.6625355593396,25.0333333333333,30.4909529112649,19.5757137554018,17.8870879120879,23.585056530297,12.1891192938788,20.4572078051272,27.5419074070402,13.3725082032142
"4",4,18,18,18,22.1666666666667,24.672447021204,19.6608863121293,19.9444444444444,19.9444444444444,19.9444444444444,22.96875,22.96875,22.96875
