"","N.obs","S.obs","S.obs(+95%)","S.obs(-95%)","Chao1","Chao1(upper)","Chao1(lower)","ACE","ACE(upper)","ACE(lower)","Jack1","Jack1(upper)","Jack1(lower)"
"1",1,9.8,14.2118144415497,5.38818555845028,22.65,29.8232887917293,15.4767112082707,13.4110576923077,22.1601355455898,4.66197983902562,13.9853229648312,23.3581758373915,4.6124700922708
"2",2,16.7,20.5151534117982,12.8848465882018,29.0833333333333,34.6804854889515,23.4861811777151,37.1835553336561,64.4042502843582,9.96286038295402,24.8248369912266,30.4715650971402,19.178108885313
"3",3,21.8,25.232332540222,18.367667459778,41.3883333333333,49.3215666895864,33.4550999770803,42.7707886738193,70.1390704224392,15.4025069251995,32.4341509451593,37.9142777229302,26.9540241673884
"4",4,26,26,26,54.1666666666667,64.5670428172717,43.7662905160616,50.0762139917695,50.0762139917695,50.0762139917695,38.9395348837209,38.9395348837209,38.9395348837209
