"","N.obs","S.obs","S.obs(+95%)","S.obs(-95%)","Chao1","Chao1(upper)","Chao1(lower)","ACE","ACE(upper)","ACE(lower)","Jack1","Jack1(upper)","Jack1(lower)"
"1",1,9.1,16.5175635412775,1.68243645872252,18.15,23.8338188548297,12.4661811451703,21.6525395120454,52.2515581005111,-8.94647907642029,14.0416728064963,27.1384990640267,0.944846548965984
"2",2,13.8,19.8446575125845,7.75534248741548,23.375,28.7401981144795,18.0098018855205,16.9475668496263,25.8961404777984,7.99899322145424,18.9220543508014,27.5640433812192,10.2800653203836
"3",3,17.2,20.9870797896708,13.4129202103292,20.87,23.0106331116271,18.7293668883729,19.2441248470012,24.5977462475542,13.8905034464482,22.4464212295538,28.7114012666418,16.1814411924657
"4",4,22,22,22,30,33.7416573867739,26.2583426132261,25.6923076923077,25.6923076923077,25.6923076923077,29.9398496240602,29.9398496240602,29.9398496240602
