"","N.obs","S.obs","S.obs(+95%)","S.obs(-95%)","Chao1","Chao1(upper)","Chao1(lower)","ACE","ACE(upper)","ACE(lower)","Jack1","Jack1(upper)","Jack1(lower)"
"1",1,13,16.3313594155473,9.66864058445271,24.35,26.2427484044199,22.4572515955801,16.2836943561208,18.483126596178,14.0842621160636,18.3772296320103,21.0362218261635,15.718237437857
"2",2,20.8,24.232332540222,17.367667459778,41.0166666666667,50.69583337642,31.3374999569134,23.9038969731187,28.7040768803477,19.1037170658896,28.3391765063488,34.312153574173,22.3661994385246
"3",3,27.1,29.4465492394862,24.7534507605138,40.93,47.2684261427332,34.5915738572668,30.02443001443,31.7718633192149,28.2769967096452,34.966331987272,38.4119621579932,31.5207018165507
"4",4,30,30,30,40.6666666666667,45.5957940028486,35.7375393304847,32.875,32.875,32.875,37.9748427672956,37.9748427672956,37.9748427672956
