"","N.obs","S.obs","S.obs(+95%)","S.obs(-95%)","Chao1","Chao1(upper)","Chao1(lower)","ACE","ACE(upper)","ACE(lower)","Jack1","Jack1(upper)","Jack1(lower)"
"1",1,19.1,28.0318098203369,10.1681901796631,26.9175,30.5117529054359,23.3232470945641,22.6702886247878,34.001260247042,11.3393170025335,26.1440644845725,40.5457130402631,11.7424159288818
"2",2,30.3,37.217316114088,23.382683885912,42.3428571428571,47.2355800038254,37.4501342818889,34.915664556962,41.7457913522031,28.085537761721,40.4626201903176,49.2329543742088,31.6922860064265
"3",3,38,41.2006665972367,34.7993334027633,51.1452380952381,55.9941423613135,46.2963338291626,43.546330098448,48.0269445587143,39.0657156381816,50.568617090061,56.3456565044754,44.7915776756467
"4",4,45,45,45,64.6,71.444267674485,57.755732325515,51.2025316455696,51.2025316455696,51.2025316455696,58.9736842105263,58.9736842105263,58.9736842105263
