"","N.obs","S.obs","S.obs(+95%)","S.obs(-95%)","Chao1","Chao1(upper)","Chao1(lower)","ACE","ACE(upper)","ACE(lower)","Jack1","Jack1(upper)","Jack1(lower)"
"1",1,8.8,12.4726399829611,5.12736001703891,18.15,23.1828510612602,13.1171489387398,10.7197647058824,17.8804103952323,3.5591190165324,12.8081095596133,19.7327926542996,5.88342646492701
"2",2,15.9,24.0313101308734,7.7686898691266,28.45,34.5198951934444,22.3801048065556,18.8780636395512,29.1971073376177,8.55901994148469,22.6282992113667,34.3211144963088,10.9354839264246
"3",3,20,25.2266666666667,14.7733333333333,30.2875,35.0602361360416,25.5147638639584,23.5908357423308,28.4193804070914,18.7622910775701,28.037229654581,34.3807515638271,21.693707745335
"4",4,23,23,23,31,34.7416573867739,27.2583426132261,26.8,26.8,26.8,30.96,30.96,30.96
